Response,UserID,Date,Topic,Score,Text,
1,restu,2017-11-05,stress,9,I want to kill myself,
2,restu,2017-11-06,stress,6,my scholarship stop,
3,restu,2017-11-07,stress,6,broke-up with my girlfriend,
4,restu,2017-11-08,stress,4,depressed by the boss,
5,restu,2017-11-09,stress,3,too much work,
6,restu,2017-11-10,stress,8,thesis sucks,
7,restu,2017-11-11,stress,7,too much work,
8,restu,2017-11-12,stress,5,too much work,
9,restu,2017-11-13,stress,4,my electricity bills,
10,restu,2017-11-14,stress,2,too much coffee,
11,restu,2017-11-15,stress,7,work-mates sucks,
12,restu,2017-11-16,stress,6,supervisor sucks,
13,restu,2017-11-17,stress,6,my supervisor tormenting me,
14,restu,2017-11-18,stress,4,my bills pile up,
15,restu,2017-11-19,stress,2,my project is failing,
16,sherman,2017-11-05,stress,6,too much coffee,
17,sherman,2017-11-06,stress,2,family pressure,
18,sherman,2017-11-07,stress,9,my reaseach don't work,
19,sherman,2017-11-08,stress,7,my supervisor doesn't care,
20,sherman,2017-11-09,stress,5,I want to jump out the window,
21,sherman,2017-11-10,stress,4,broke-up with my girlfriend,
22,sherman,2017-11-11,stress,2,depressed by the boss,
23,sherman,2017-11-12,stress,8,too much work,
24,sherman,2017-11-13,stress,7,too much work,
25,sherman,2017-11-14,stress,5,thesis sucks,
26,sherman,2017-11-15,stress,3,too much work,
27,sherman,2017-11-16,stress,3,my electricity bills,
28,sherman,2017-11-17,stress,9,too much coffee,
29,sherman,2017-11-18,stress,8,failed,
30,sherman,2017-11-19,stress,5,work-mates sucks,
31,john,2017-11-05,stress,5,my supervisor tormenting me,
32,john,2017-11-06,stress,4,my bills pile up,
33,john,2017-11-07,stress,3,my project is failing,
34,john,2017-11-08,stress,6,workload too much,
35,john,2017-11-09,stress,7,too much coffee,
36,john,2017-11-10,stress,7,my reaseach don't work,
37,john,2017-11-11,stress,9,my supervisor doesn't care,
38,john,2017-11-12,stress,3,I want to punch somebody,
39,john,2017-11-13,stress,4,my scholarship stop,
40,john,2017-11-14,stress,6,broke-up with my girlfriend,
41,john,2017-11-15,stress,8,too much work,
42,john,2017-11-16,stress,2,too much work,
43,john,2017-11-17,stress,4,thesis sucks,
44,john,2017-11-18,stress,1,too much work,
45,john,2017-11-19,stress,2,too much work,
46,margie,2017-11-05,stress,5,too much coffee,
47,margie,2017-11-06,stress,3,failed,
48,margie,2017-11-07,stress,2,work-mates sucks,
49,margie,2017-11-08,stress,7,supervisor sucks,
50,margie,2017-11-09,stress,9,my supervisor tormenting me,
51,margie,2017-11-10,stress,9,my project is failing,
52,margie,2017-11-11,stress,4,workload too much,
53,margie,2017-11-12,stress,2,too much coffee,
54,margie,2017-11-13,stress,4,hiking,
55,margie,2017-11-14,stress,2,my reaseach don't work,
56,margie,2017-11-15,stress,3,I want to punch somebody,
57,margie,2017-11-16,stress,6,my scholarship stop,
58,margie,2017-11-17,stress,8,broke-up with my girlfriend,
59,margie,2017-11-18,stress,9,depressed by the boss,
60,margie,2017-11-19,stress,5,too much work,
61,omkar,2017-11-05,stress,5,thesis sucks,
62,omkar,2017-11-06,stress,3,too much work,
63,omkar,2017-11-07,stress,6,too much work,
64,omkar,2017-11-08,stress,7,my electricity bills,
65,omkar,2017-11-09,stress,8,too much coffee,
66,omkar,2017-11-10,stress,3,work-mates sucks,
67,omkar,2017-11-11,stress,7,supervisor sucks,
68,omkar,2017-11-12,stress,9,my supervisor tormenting me,
69,omkar,2017-11-13,stress,5,my bills pile up,
70,omkar,2017-11-14,stress,6,my project is failing,
71,omkar,2017-11-15,stress,7,too much coffee,
72,omkar,2017-11-16,stress,6,hiking,
73,omkar,2017-11-17,stress,3,my reaseach don't work,
74,omkar,2017-11-18,stress,5,my supervisor doesn't care,
75,omkar,2017-11-19,stress,5,I want to jump out the window,
,,,,,,
,,,,,,
,,,,,,
,,,,,,
,,,,,,
,,,,,,
,,,,,,
,,,,,,
,,,,,,
,,,,,,
,,,,,,
,,,,,,
,,,,,,
,,,,,,
,,,,,,
,,,,,,
,,,,,,
,,,,,,
,,,,,,
,,,,,,
,,,,,,
,,,,,,
,,,,,,
,,,,,,
,,,,,,
,,,,,,
,,,,,,
,,,,,,
,,,,,,
,,,,,,
,,,,,,
,,,,,,
,,,,,,
,,,,,,
,,,,,,
,,,,,,
,,,,,,
,,,,,,
,,,,,,
,,,,,,
,,,,,,
